Word,Length of characters,Median duration,Frequency rank,Relative frequency
என்ற,4,0.4300000000000001,1,0.04268860602297423
என்ன,4,0.4099999999999997,2,0.026234088792300526
வந்த,4,0.4099999999999999,3,0.020956224774914625
வேண்டும,7,0.54,4,0.017385904998447686
இல்ல,4,0.4500000000000002,5,0.0166097485253027
நல்ல,4,0.4700000000000001,6,0.014126047811238746
இந்த,4,0.4050000000000001,7,0.013660353927351754
என,2,0.26,8,0.012573734864948774
அந்த,4,0.4549999999999997,9,0.012418503570319777
அங்க,4,0.4150000000000001,10,0.01055572803477181
கண்ட,4,0.3500000000000001,11,0.010090034150884818
இத,2,0.2199999999999997,12,0.009158646383110836
காதல,4,0.4499999999999997,14,0.008227258615336852
கொண்ட,5,0.39,14,0.008227258615336852
போல,3,0.3599999999999999,15,0.007606333436820863
சென்ற,5,0.5599999999999998,16,0.007451102142191866
நின்ற,5,0.55,17,0.007140639552933871
சொல்ல,5,0.3999999999999999,18,0.006985408258304874
தந்த,4,0.3999999999999999,19,0.006830176963675877
இங்க,4,0.3900000000000001,20,0.00667494566904688
எங்க,4,0.3900000000000001,21,0.006364483079788885
தலைவ,4,0.4199999999999999,22,0.005743557901272896
இருக்க,6,0.435,23,0.005588326606643899
அட,2,0.2399999999999998,24,0.005277864017385905
பெரிய,5,0.41,26,0.0051226327227569075
செய்த,5,0.48,26,0.0051226327227569075
போக,3,0.3700000000000001,27,0.0046569388388699165
இனிய,4,0.435,28,0.004346476249611922
நோக்க,5,0.3700000000000001,29,0.0041912449549829246
வாங்க,5,0.4700000000000001,32,0.0040360136603539275
கொள்ள,5,0.395,32,0.0040360136603539275
கற்க,4,0.5100000000000001,32,0.0040360136603539275
மேல,3,0.3100000000000005,35,0.00388078236572493
எண்ண,4,0.3399999999999998,35,0.00388078236572493
அமுத,4,0.4400000000000001,35,0.00388078236572493
பல,2,0.3699999999999996,37,0.0035703197764669356
பெற்ற,5,0.52,37,0.0035703197764669356
விளக்க,6,0.4600000000000001,38,0.0034150884818379386
மிக்க,5,0.4099999999999999,40,0.003259857187208941
திறந்த,6,0.4499999999999999,40,0.003259857187208941
வைத்த,5,0.495,44,0.003104625892579944
பேச,3,0.3499999999999998,44,0.003104625892579944
தமிழென்ற,8,0.675,44,0.003104625892579944
கிடந்த,6,0.5,44,0.003104625892579944
ரொம்ப,5,0.3299999999999999,50,0.0029493945979509467
செய,3,0.3399999999999998,50,0.0029493945979509467
வெள்ள,5,0.3600000000000003,50,0.0029493945979509467
வர,2,0.2000000000000001,50,0.0029493945979509467
அறிந்த,6,0.4599999999999999,50,0.0029493945979509467
கொல்ல,5,0.5300000000000002,50,0.0029493945979509467
தேட,3,0.3299999999999997,52,0.0027941633033219497
எந்த,4,0.3650000000000002,52,0.0027941633033219497
எழுந்த,6,0.5299999999999998,58,0.0026389320086929527
தக்க,4,0.3899999999999999,58,0.0026389320086929527
இருந்த,6,0.52,58,0.0026389320086929527
விட்ட,5,0.35,58,0.0026389320086929527
வான,3,0.3599999999999999,58,0.0026389320086929527
கேட்ட,5,0.4299999999999999,58,0.0026389320086929527
கார,3,0.2949999999999999,65,0.0024837007140639552
வாழ,3,0.375,65,0.0024837007140639552
அரச,3,0.39,65,0.0024837007140639552
கெட்ட,5,0.5999999999999999,65,0.0024837007140639552
இன்ப,4,0.39,65,0.0024837007140639552
அழகிய,5,0.5449999999999999,65,0.0024837007140639552
தல,2,0.25,65,0.0024837007140639552
குன்ற,5,0.4400000000000001,67,0.0023284694194349582
போட்ட,5,0.44,67,0.0023284694194349582
கொன்ற,5,0.4049999999999999,73,0.002173238124805961
இப்ப,4,0.275,73,0.002173238124805961
தங்க,4,0.3749999999999999,73,0.002173238124805961
காக்க,5,0.48,73,0.002173238124805961
சால,3,0.3800000000000001,73,0.002173238124805961
போன்ற,5,0.5050000000000001,73,0.002173238124805961
வேண்ட,5,0.48,75,0.0020180068301769638
சேர,3,0.43,75,0.0020180068301769638
சொந்த,5,0.5699999999999998,83,0.0018627755355479665
மாற்ற,5,0.53,83,0.0018627755355479665
தென்ன,5,0.4600000000000001,83,0.0018627755355479665
கொடுத்த,7,0.5000000000000004,83,0.0018627755355479665
காண,3,0.425,83,0.0018627755355479665
விளையாட,7,0.5700000000000001,83,0.0018627755355479665
இணங்க,5,0.4849999999999997,83,0.0018627755355479665
என்ப,4,0.41,83,0.0018627755355479665
பார்த்த,7,0.51,88,0.0017075442409189693
வாய்ந்த,7,0.48,88,0.0017075442409189693
சாய்ந்த,7,0.6399999999999999,88,0.0017075442409189693
தன,2,0.2200000000000002,88,0.0017075442409189693
வார,3,0.27,88,0.0017075442409189693
எதிர்த்த,8,0.5800000000000002,99,0.001552312946289972
அன்ன,4,0.3999999999999999,99,0.001552312946289972
நடந்த,5,0.4649999999999999,99,0.001552312946289972
படிந்த,6,0.5650000000000001,99,0.001552312946289972
செய்ய,5,0.5200000000000001,99,0.001552312946289972
பார்க்க,7,0.3949999999999999,99,0.001552312946289972
அண்ண,4,0.495,99,0.001552312946289972
புரிந்த,7,0.5650000000000001,99,0.001552312946289972
சாவ,3,0.4599999999999999,99,0.001552312946289972
கொள்க,5,0.4,99,0.001552312946289972
சிங்க,5,0.445,99,0.001552312946289972
கருத,4,0.33,116,0.0013970816516609749
சாப்பிட,7,0.52,116,0.0013970816516609749
இடத்த,5,0.4900000000000002,116,0.0013970816516609749
சிரித்த,7,0.5499999999999999,116,0.0013970816516609749
யாமறிந்த,8,0.77,116,0.0013970816516609749
நிறைந்த,7,0.6200000000000001,116,0.0013970816516609749
தாழ்ந்த,7,0.53,116,0.0013970816516609749
செய்க,5,0.5,116,0.0013970816516609749
மந்திர,6,0.4599999999999999,116,0.0013970816516609749
பொறுக்க,7,0.45,116,0.0013970816516609749
கென்ன,5,0.4100000000000001,116,0.0013970816516609749
கற்ற,4,0.4400000000000001,116,0.0013970816516609749
அறியாத,6,0.6299999999999999,116,0.0013970816516609749
எண்ணிய,6,0.52,116,0.0013970816516609749
நன்றாக,6,0.7200000000000002,116,0.0013970816516609749
தவிர,4,0.38,116,0.0013970816516609749
பட்ட,4,0.3999999999999994,116,0.0013970816516609749
போன,3,0.3500000000000001,134,0.0012418503570319776
போற்ற,5,0.4649999999999999,134,0.0012418503570319776
சாற்ற,5,0.5449999999999999,134,0.0012418503570319776
விட,3,0.2149999999999999,134,0.0012418503570319776
மற,2,0.3399999999999998,134,0.0012418503570319776
கட்டிய,6,0.535,134,0.0012418503570319776
கின்ற,5,0.5199999999999999,134,0.0012418503570319776
பிற,3,0.4799999999999997,134,0.0012418503570319776
சிற்சில,7,0.69,134,0.0012418503570319776
அழுத,4,0.4199999999999999,134,0.0012418503570319776
திருப்ப,7,0.3950000000000001,134,0.0012418503570319776
நம்ப,4,0.3149999999999997,134,0.0012418503570319776
சுட்ட,5,0.3950000000000001,134,0.0012418503570319776
சிறந்த,6,0.5350000000000001,134,0.0012418503570319776
போட,3,0.375,134,0.0012418503570319776
கல்யாண,6,0.5549999999999999,134,0.0012418503570319776
நிற்க,5,0.595,134,0.0012418503570319776
வட,2,0.2600000000000002,134,0.0012418503570319776
நினைத்த,7,0.5700000000000001,160,0.0010866190624029804
சொல்லிய,7,0.5200000000000002,160,0.0010866190624029804
இடத்தில,7,0.6399999999999999,160,0.0010866190624029804
வாழ்ந்த,7,0.5,160,0.0010866190624029804
விடிய,5,0.4700000000000001,160,0.0010866190624029804
சின்ன,5,0.43,160,0.0010866190624029804
தெளிந்த,7,0.6099999999999999,160,0.0010866190624029804
தொடர்ந்த,8,0.7999999999999998,160,0.0010866190624029804
சென்னையில,9,0.62,160,0.0010866190624029804
நிகர்த்த,8,0.6700000000000002,160,0.0010866190624029804
நண்ப,4,0.2899999999999998,160,0.0010866190624029804
பிறந்த,6,0.5199999999999998,160,0.0010866190624029804
இயலாத,5,0.69,160,0.0010866190624029804
வாராத,5,0.6499999999999999,160,0.0010866190624029804
பாரத,4,0.5199999999999999,160,0.0010866190624029804
திருத்த,7,0.4599999999999999,160,0.0010866190624029804
இங்குள்ள,8,0.72,160,0.0010866190624029804
வருக,4,0.3799999999999999,160,0.0010866190624029804
குற்ற,5,0.3999999999999999,160,0.0010866190624029804
பண்ற,4,0.51,160,0.0010866190624029804
விளைத்த,7,0.53,160,0.0010866190624029804
திரிய,5,0.3599999999999999,160,0.0010866190624029804
சித்தரித்த,10,0.73,160,0.0010866190624029804
மிகுந்த,7,0.7000000000000002,160,0.0010866190624029804
மிக,3,0.4399999999999999,160,0.0010866190624029804
கலந்த,5,0.54,160,0.0010866190624029804
வைக்க,5,0.4199999999999999,194,0.0009313877677739833
பாடிய,5,0.4399999999999998,194,0.0009313877677739833
மந்த,4,0.4650000000000001,194,0.0009313877677739833
அவனுடைய,7,0.6500000000000001,194,0.0009313877677739833
விளங்க,6,0.6349999999999998,194,0.0009313877677739833
அதிக,4,0.335,194,0.0009313877677739833
தமிழ்வளர்க,10,1.005,194,0.0009313877677739833
நாமாக,5,0.49,194,0.0009313877677739833
எனவேமுர,7,0.8499999999999999,194,0.0009313877677739833
புதிதாக,7,0.6849999999999999,194,0.0009313877677739833
காட்டவந்த,9,0.9549999999999998,194,0.0009313877677739833
படபட,4,0.6050000000000001,194,0.0009313877677739833
வாய்த்த,7,0.72,194,0.0009313877677739833
எழுத,4,0.3999999999999999,194,0.0009313877677739833
முடியாத,7,0.595,194,0.0009313877677739833
பல்குக,6,0.5649999999999997,194,0.0009313877677739833
குள்ள,5,0.47,194,0.0009313877677739833
அழகான,5,0.665,194,0.0009313877677739833
தாங்காத,7,0.725,194,0.0009313877677739833
கிழவ,4,0.445,194,0.0009313877677739833
தோன்ற,5,0.4899999999999999,194,0.0009313877677739833
காங்கேய,7,0.7050000000000001,194,0.0009313877677739833
அலாதன,5,0.625,194,0.0009313877677739833
எறிந்த,6,0.51,194,0.0009313877677739833
சரியான,6,0.6399999999999999,194,0.0009313877677739833
நிச்சயமாக,9,0.8200000000000001,194,0.0009313877677739833
வாக,3,0.2749999999999999,194,0.0009313877677739833
வாடாத,5,0.6150000000000001,194,0.0009313877677739833
கரையில,6,0.51,194,0.0009313877677739833
சட்டென,6,0.56,194,0.0009313877677739833
இல்லாத,6,0.5649999999999998,194,0.0009313877677739833
மொய்த்த,7,0.5850000000000001,194,0.0009313877677739833
அற,2,0.2499999999999997,194,0.0009313877677739833
மெல்ல,5,0.4200000000000001,194,0.0009313877677739833
வாசிக்க,7,0.5899999999999999,261,0.000776156473144986
கொவ்வாத,7,0.75,261,0.000776156473144986
வேலைய,5,0.5099999999999999,261,0.000776156473144986
பொங்க,5,0.33,261,0.000776156473144986
இணையற்ற,7,0.6399999999999999,261,0.000776156473144986
மறைவாக,6,0.7999999999999998,261,0.000776156473144986
இருந்தன,7,0.6299999999999999,261,0.000776156473144986
விளைக்க,7,0.5700000000000001,261,0.000776156473144986
திருந்த,7,0.48,261,0.000776156473144986
இயம்ப,5,0.3700000000000001,261,0.000776156473144986
தக,2,0.4600000000000008,261,0.000776156473144986
அடுத்த,6,0.51,261,0.000776156473144986
கொரகொர,6,0.69,261,0.000776156473144986
சில,3,0.3700000000000001,261,0.000776156473144986
தின,3,0.2299999999999999,261,0.000776156473144986
நிறுத்த,7,0.6400000000000001,261,0.000776156473144986
தவறான,5,0.5,261,0.000776156473144986
இதுகேட்ட,8,0.7200000000000002,261,0.000776156473144986
ததும்ப,6,0.4300000000000001,261,0.000776156473144986
துட்ட,5,0.44,261,0.000776156473144986
காலையில,7,0.62,261,0.000776156473144986
இந்நில,6,0.6099999999999999,261,0.000776156473144986
றென்ற,5,0.4399999999999999,261,0.000776156473144986
விழித்த,7,0.49,261,0.000776156473144986
அடித்த,6,0.4199999999999999,261,0.000776156473144986
எண்பொருள,8,0.64,261,0.000776156473144986
கடந்த,5,0.4899999999999999,261,0.000776156473144986
மாநில,5,0.54,261,0.000776156473144986
இழந்த,5,0.56,261,0.000776156473144986
பேத,3,0.3999999999999999,261,0.000776156473144986
படிக்க,6,0.4400000000000001,261,0.000776156473144986
பொல்லாத,7,0.66,261,0.000776156473144986
லிருந்த,7,0.5900000000000003,261,0.000776156473144986
நகைத்த,6,0.5899999999999999,261,0.000776156473144986
கோல,3,0.3400000000000003,261,0.000776156473144986
இந்திய,6,0.6099999999999999,261,0.000776156473144986
சுரக்கின்ற,10,0.84,261,0.000776156473144986
வேண்டாத,7,0.5899999999999999,261,0.000776156473144986
பாய்ச்சிய,9,0.7500000000000001,261,0.000776156473144986
பெயர்கொண்ட,10,0.7799999999999998,261,0.000776156473144986
கருத்த,6,0.49,261,0.000776156473144986
காத,3,0.3600000000000003,261,0.000776156473144986
கலாப,4,0.4799999999999997,261,0.000776156473144986
நெடும,5,0.3700000000000001,261,0.000776156473144986
நாடிய,5,0.57,261,0.000776156473144986
வழக்க,5,0.4500000000000002,261,0.000776156473144986
என்னென்ன,8,0.7599999999999998,261,0.000776156473144986
கிடந்திட்ட,10,1.0199999999999998,261,0.000776156473144986
அறிய,4,0.3399999999999998,261,0.000776156473144986
வேண்டிய,7,0.6299999999999999,261,0.000776156473144986
பெற்றெடுத்த,11,0.75,261,0.000776156473144986
இருந்ததால,9,0.8499999999999999,261,0.000776156473144986
கேட்க,5,0.6599999999999999,261,0.000776156473144986
கழுத்த,6,0.6099999999999999,261,0.000776156473144986
தருகின்ற,8,0.72,261,0.000776156473144986
படிமேல,6,0.67,261,0.000776156473144986
யான,3,0.5099999999999998,261,0.000776156473144986
தொழிலாள,7,0.6500000000000001,261,0.000776156473144986
கொடுக்க,7,0.5299999999999998,261,0.000776156473144986
நெருங்க,7,0.6200000000000001,261,0.000776156473144986
சிறிய,5,0.5299999999999998,261,0.000776156473144986
அந்திய,6,0.4900000000000001,261,0.000776156473144986
மின்ன,5,0.5100000000000007,261,0.000776156473144986
கெடுக்க,7,0.3899999999999999,261,0.000776156473144986
மாப,3,0.3700000000000001,261,0.000776156473144986
மிந்த,5,0.5499999999999998,261,0.000776156473144986
நிலைகெட்ட,9,0.66,261,0.000776156473144986
இட்ட,4,0.4550000000000002,318,0.0006209251785159888
ராச,3,0.4049999999999999,318,0.0006209251785159888
சரியாக,6,0.605,318,0.0006209251785159888
சொன்ன,5,0.7,318,0.0006209251785159888
காவல,4,0.535,318,0.0006209251785159888
தேர்ந்த,7,0.5200000000000002,318,0.0006209251785159888
வட்ட,4,0.3999999999999999,318,0.0006209251785159888
மாக,3,0.395,318,0.0006209251785159888
யுடைய,5,0.635,318,0.0006209251785159888
லாத,3,0.395,318,0.0006209251785159888
யாவுள,5,0.6050000000000001,318,0.0006209251785159888
வளர்த்த,7,0.4800000000000001,318,0.0006209251785159888
குவிந்த,7,0.5699999999999998,318,0.0006209251785159888
சார்ந்த,7,0.7050000000000001,318,0.0006209251785159888
கனிந்த,6,0.565,318,0.0006209251785159888
காட்டிய,7,0.5599999999999999,318,0.0006209251785159888
சந்தித்த,8,0.7049999999999998,318,0.0006209251785159888
வருகின்ற,8,0.6499999999999999,318,0.0006209251785159888
நாளைய,5,0.6699999999999999,318,0.0006209251785159888
முளைத்த,7,0.645,318,0.0006209251785159888
விரிகின்ற,9,0.8400000000000001,318,0.0006209251785159888
புரிக,5,0.7050000000000001,318,0.0006209251785159888
முத்த,5,0.385,318,0.0006209251785159888
அடைகின்ற,8,0.77,318,0.0006209251785159888
அடுக்கிய,8,0.73,318,0.0006209251785159888
வரக்கண்ட,8,0.8249999999999998,318,0.0006209251785159888
செத்த,5,0.5,318,0.0006209251785159888
கம்மிய,6,0.43,318,0.0006209251785159888
காற்றடித்த,10,0.9250000000000002,318,0.0006209251785159888
கந்த,4,0.3399999999999999,318,0.0006209251785159888
அங்குள்ள,8,0.535,318,0.0006209251785159888
திடுக்கென,9,0.51,318,0.0006209251785159888
எழுதிய,6,0.51,318,0.0006209251785159888
என்க,4,0.545,318,0.0006209251785159888
இயைந்த,6,0.615,318,0.0006209251785159888
காண்ப,5,0.3749999999999999,318,0.0006209251785159888
தொழில்புரிந்த,13,0.885,318,0.0006209251785159888
மருத்துவ,8,0.625,318,0.0006209251785159888
திகழ்கின்ற,10,0.7550000000000001,318,0.0006209251785159888
சரேலென,6,0.62,318,0.0006209251785159888
தனியாக,6,0.555,318,0.0006209251785159888
இன்னும்என்ன,11,0.8800000000000001,318,0.0006209251785159888
டென்க,5,0.5849999999999997,318,0.0006209251785159888
பகர,3,0.345,318,0.0006209251785159888
புதிய,5,0.4149999999999999,318,0.0006209251785159888
டாக,3,0.5049999999999999,318,0.0006209251785159888
அயலவ,4,0.545,318,0.0006209251785159888
அழுந்துக,8,0.7649999999999997,318,0.0006209251785159888
பயில்வ,6,0.515,318,0.0006209251785159888
காத்திருந்த,11,0.775,318,0.0006209251785159888
அமர்ந்த,7,0.6199999999999999,318,0.0006209251785159888
இருக்கின்ற,10,0.7250000000000001,318,0.0006209251785159888
புரியல,6,0.6849999999999999,318,0.0006209251785159888
பெற,3,0.365,318,0.0006209251785159888
அச்சடித்த,9,0.965,318,0.0006209251785159888
போகாத,5,0.6299999999999999,318,0.0006209251785159888
குனிந்த,7,0.5999999999999999,318,0.0006209251785159888
அனிச்ச,6,0.4800000000000002,672,0.00046569388388699164
புகழ்மிக்க,10,0.6699999999999999,672,0.00046569388388699164
கோவித்த,7,0.6299999999999999,672,0.00046569388388699164
பட்டறிந்த,9,0.61,672,0.00046569388388699164
விமரிசையாக,10,0.8400000000000003,672,0.00046569388388699164
இப்பெரிய,8,0.5999999999999999,672,0.00046569388388699164
அதிகமாக,7,0.6799999999999999,672,0.00046569388388699164
னாஎன,4,0.3800000000000001,672,0.00046569388388699164
செவ்வையுற,9,0.75,672,0.00046569388388699164
பிழைக்க,7,0.5100000000000002,672,0.00046569388388699164
சன்னத்த,7,0.8099999999999999,672,0.00046569388388699164
திராவிட,7,0.54,672,0.00046569388388699164
பயன்மிக்க,9,0.5900000000000001,672,0.00046569388388699164
திரிந்த,7,0.6999999999999997,672,0.00046569388388699164
பேசாத,5,0.69,672,0.00046569388388699164
நடவுசெய்த,9,0.97,672,0.00046569388388699164
கிடத்திய,8,0.5799999999999996,672,0.00046569388388699164
வருத்த,6,0.4999999999999999,672,0.00046569388388699164
காக,3,0.4300000000000001,672,0.00046569388388699164
முறிந்த,7,0.5900000000000001,672,0.00046569388388699164
தலைவராக,7,0.6600000000000001,672,0.00046569388388699164
விலாப்புடைக்க,13,0.8599999999999999,672,0.00046569388388699164
குலுங்க,7,0.47,672,0.00046569388388699164
இருக்குற,8,0.6599999999999997,672,0.00046569388388699164
புண்ணிய,7,0.49,672,0.00046569388388699164
நிலையானதல்ல,11,1.0,672,0.00046569388388699164
காட்சிபோல,9,0.75,672,0.00046569388388699164
மன்னிச்சிடுங்க,14,1.0,672,0.00046569388388699164
தமிழ்வெல்க,10,0.93,672,0.00046569388388699164
செய்வதற்காக,11,0.92,672,0.00046569388388699164
பிழைப்ப,7,0.3999999999999999,672,0.00046569388388699164
பேர்வாய்ந்த,11,0.8500000000000001,672,0.00046569388388699164
பசித்த,6,0.52,672,0.00046569388388699164
கரைகண்ட,7,0.6600000000000001,672,0.00046569388388699164
தருவித்த,8,0.6900000000000001,672,0.00046569388388699164
கலையென்ற,8,0.7699999999999999,672,0.00046569388388699164
வழக்கென்ப,9,0.71,672,0.00046569388388699164
வலிக்கின்றன,11,0.99,672,0.00046569388388699164
போயொழிக,7,0.8700000000000001,672,0.00046569388388699164
பெற்றிருந்த,11,0.6800000000000002,672,0.00046569388388699164
நான்செய்த,9,0.77,672,0.00046569388388699164
நிருமித்த,9,0.75,672,0.00046569388388699164
கற்புள்ள,8,0.5899999999999999,672,0.00046569388388699164
வலிவற்ற,7,0.75,672,0.00046569388388699164
கழறிடாத,7,0.8700000000000001,672,0.00046569388388699164
பொதுமையாக,9,0.9000000000000001,672,0.00046569388388699164
காதென,5,0.6200000000000001,672,0.00046569388388699164
மெதுவான,7,0.7099999999999999,672,0.00046569388388699164
காடுசேர்ந்த,11,1.0199999999999998,672,0.00046569388388699164
அறிவுபெற்ற,10,0.6799999999999999,672,0.00046569388388699164
சாரற்ற,6,0.78,672,0.00046569388388699164
பெற்றுணர்ந்த,12,0.96,672,0.00046569388388699164
வார்த்தையென்ன,13,0.79,672,0.00046569388388699164
தந்திட,6,0.5,672,0.00046569388388699164
தளர்ந்த,7,0.5099999999999998,672,0.00046569388388699164
சுகித்திருக்க,13,1.0499999999999998,672,0.00046569388388699164
நண்ணிய,6,0.64,672,0.00046569388388699164
இனியன,5,0.49,672,0.00046569388388699164
மாடுக,5,0.54,672,0.00046569388388699164
என்றுமுள,8,0.67,672,0.00046569388388699164
போயின,5,0.6200000000000001,672,0.00046569388388699164
வெல்லமல்ல,9,0.8800000000000003,672,0.00046569388388699164
கொள்ளாத,7,0.94,672,0.00046569388388699164
அகப்பட,6,0.4999999999999999,672,0.00046569388388699164
விளங்குகின்ற,12,0.95,672,0.00046569388388699164
தல்கொடுக்க,10,0.8500000000000001,672,0.00046569388388699164
தின்ற,5,0.6200000000000001,672,0.00046569388388699164
அசைத்த,6,0.5700000000000001,672,0.00046569388388699164
காலிட,5,0.5900000000000003,672,0.00046569388388699164
பசியாத,6,0.8,672,0.00046569388388699164
வேண்டுமிந்த,11,1.0400000000000005,672,0.00046569388388699164
என்பெருமைக்குற்ற,16,1.08,672,0.00046569388388699164
விதியற்ற,8,0.5900000000000001,672,0.00046569388388699164
அடைய,4,0.26,672,0.00046569388388699164
தலையாகிய,8,0.8599999999999999,672,0.00046569388388699164
காற்றென,7,0.56,672,0.00046569388388699164
நினைச்சுக்கல,12,0.8800000000000001,672,0.00046569388388699164
துறக்கமென,9,0.6400000000000001,672,0.00046569388388699164
நன்றென,6,0.64,672,0.00046569388388699164
இதுவல்ல,7,0.7400000000000002,672,0.00046569388388699164
இமைதிற,6,0.64,672,0.00046569388388699164
இக்கால,6,0.76,672,0.00046569388388699164
பொய்யற்க,8,0.8499999999999996,672,0.00046569388388699164
தாழ்வான,7,0.61,672,0.00046569388388699164
மானிட,5,0.6499999999999999,672,0.00046569388388699164
விலகாத,6,0.75,672,0.00046569388388699164
திறமுள்ள,8,0.6399999999999999,672,0.00046569388388699164
அரசபிர,6,0.6299999999999999,672,0.00046569388388699164
விளைந்திட,9,0.5799999999999998,672,0.00046569388388699164
சமயமத,5,0.8299999999999998,672,0.00046569388388699164
விழுந்த,7,0.4299999999999999,672,0.00046569388388699164
குவிந்திருக்க,13,0.75,672,0.00046569388388699164
பெயர்தந்த,9,0.73,672,0.00046569388388699164
பத்தல,5,0.6099999999999999,672,0.00046569388388699164
குறிதவ,6,0.6299999999999999,672,0.00046569388388699164
மன்னன்மக,8,0.92,672,0.00046569388388699164
தமிழ்வாழ்க,10,0.6799999999999999,672,0.00046569388388699164
பணிதந்த,7,0.72,672,0.00046569388388699164
அனுப்பிய,8,0.6200000000000001,672,0.00046569388388699164
நான்பெற்ற,9,0.6999999999999997,672,0.00046569388388699164
பேசவந்த,7,0.79,672,0.00046569388388699164
நம்புங்க,8,0.6300000000000001,672,0.00046569388388699164
எண்பிக்க,8,0.7700000000000002,672,0.00046569388388699164
எண்ணுக,6,0.5099999999999998,672,0.00046569388388699164
புதுமைசெய,9,0.6399999999999999,672,0.00046569388388699164
சுடர்தந்த,9,0.79,672,0.00046569388388699164
படமெடுக்க,9,0.5800000000000001,672,0.00046569388388699164
சுடவ,4,0.56,672,0.00046569388388699164
அணியாத,6,0.7999999999999999,672,0.00046569388388699164
தமிழக,5,0.6299999999999999,672,0.00046569388388699164
சின்னமாக,8,0.7600000000000002,672,0.00046569388388699164
வாழ்வடைக,8,0.79,672,0.00046569388388699164
போய்எடுக்க,10,0.9000000000000001,672,0.00046569388388699164
பால்நில,7,0.92,672,0.00046569388388699164
சந்தான,6,0.6400000000000001,672,0.00046569388388699164
அரசென,5,0.67,672,0.00046569388388699164
பாதித்த,7,0.6599999999999999,672,0.00046569388388699164
செய்தன,6,0.6300000000000001,672,0.00046569388388699164
கனலேற்ற,7,0.7599999999999999,672,0.00046569388388699164
றென்ன,5,0.5299999999999998,672,0.00046569388388699164
நான்குளிர்ந்த,13,1.02,672,0.00046569388388699164
செய்வன,6,0.5399999999999999,672,0.00046569388388699164
லென்ன,5,0.6699999999999999,672,0.00046569388388699164
இவ்வுலக,7,0.52,672,0.00046569388388699164
அருள்புரிய,10,0.9200000000000002,672,0.00046569388388699164
கண்ணென்ப,8,0.56,672,0.00046569388388699164
கண்ணற்ற,7,0.66,672,0.00046569388388699164
எழுத்தென்ப,10,0.91,672,0.00046569388388699164
இலையிந்த,8,0.7100000000000001,672,0.00046569388388699164
றெழுந்த,7,0.5599999999999998,672,0.00046569388388699164
தொழும்பர்க,10,0.69,672,0.00046569388388699164
மணந்திட,7,0.66,672,0.00046569388388699164
ளாக,3,0.4199999999999999,672,0.00046569388388699164
மதித்திட,8,0.5700000000000003,672,0.00046569388388699164
னென,3,0.4299999999999999,672,0.00046569388388699164
பழிப்பன,7,0.7000000000000001,672,0.00046569388388699164
இடியென,6,0.64,672,0.00046569388388699164
தோங்குக,7,0.8400000000000003,672,0.00046569388388699164
துடைத்திட,9,0.5100000000000002,672,0.00046569388388699164
இழந்துவிட்ட,11,0.8399999999999999,672,0.00046569388388699164
வாடப்பல,7,0.8099999999999999,672,0.00046569388388699164
இன்னாத,6,0.5799999999999998,672,0.00046569388388699164
சொல்க,5,0.6400000000000001,672,0.00046569388388699164
பண்ணுங்க,8,1.36,672,0.00046569388388699164
புசிக்க,7,0.5399999999999999,672,0.00046569388388699164
இனமான,5,0.6200000000000001,672,0.00046569388388699164
அதுபெற்ற,8,0.6399999999999997,672,0.00046569388388699164
நாம்கண்ட,8,0.69,672,0.00046569388388699164
பழுத்த,6,0.4299999999999999,672,0.00046569388388699164
மனம்போன,7,0.6799999999999999,672,0.00046569388388699164
நாகாக்க,7,1.4599999999999995,672,0.00046569388388699164
கொக்க,5,0.3599999999999999,672,0.00046569388388699164
சகிப்ப,6,0.5499999999999998,672,0.00046569388388699164
சுதந்திர,8,0.5700000000000001,672,0.00046569388388699164
தோற்றிய,7,0.63,672,0.00046569388388699164
மலைகளென,7,0.6600000000000001,672,0.00046569388388699164
எண்ணென்ப,8,0.76,672,0.00046569388388699164
மொய்த்தென்ன,11,0.8000000000000003,672,0.00046569388388699164
துடிக்கின்ற,11,0.7599999999999999,672,0.00046569388388699164
மறக்க,5,0.52,672,0.00046569388388699164
குணமென்ற,8,0.98,672,0.00046569388388699164
சலியாத,6,0.5899999999999999,672,0.00046569388388699164
கொடுங்க,7,0.5100000000000002,672,0.00046569388388699164
கச்சணிந்த,9,0.66,672,0.00046569388388699164
அருமையாக,8,0.5999999999999996,672,0.00046569388388699164
தறுக்குடைய,10,0.86,672,0.00046569388388699164
நவையுடைய,8,0.8300000000000001,672,0.00046569388388699164
நேர்க,5,0.5199999999999998,672,0.00046569388388699164
மங்காத,6,0.7500000000000001,672,0.00046569388388699164
கழிக்கின்ற,10,0.8999999999999999,672,0.00046569388388699164
நானில,5,0.6200000000000001,672,0.00046569388388699164
சுரண்டிய,8,0.5899999999999999,672,0.00046569388388699164
தாழ்திறந்த,10,0.91,672,0.00046569388388699164
இன்னதென,7,0.7999999999999998,672,0.00046569388388699164
அதற்கான,7,0.5300000000000001,672,0.00046569388388699164
வணிகர்பல,8,0.7700000000000002,672,0.00046569388388699164
நடத்திவைத்த,11,1.21,672,0.00046569388388699164
நயந்துநின்ற,11,0.9000000000000004,672,0.00046569388388699164
அலைபட்ட,7,0.63,672,0.00046569388388699164
விளம்பிடுக,10,0.7999999999999998,672,0.00046569388388699164
இணங்கின,7,0.5499999999999998,672,0.00046569388388699164
யிருந்த,7,0.5300000000000002,672,0.00046569388388699164
மாய்க,5,0.4599999999999999,672,0.00046569388388699164
சாதல்வர,7,0.92,672,0.00046569388388699164
முடிவற்ற,8,0.6900000000000002,672,0.00046569388388699164
திருமண,6,0.69,672,0.00046569388388699164
வசமாக,5,0.8699999999999999,672,0.00046569388388699164
சுடவந்த,7,0.5800000000000001,672,0.00046569388388699164
யருள்க,6,0.5199999999999998,672,0.00046569388388699164
செம்மையான,9,0.8299999999999998,672,0.00046569388388699164
சிற்றுண,7,0.6299999999999999,672,0.00046569388388699164
கண்ணுண்ண,8,0.8200000000000001,672,0.00046569388388699164
துணர்வ,6,0.3999999999999999,672,0.00046569388388699164
வச்ச,4,0.4300000000000001,672,0.00046569388388699164
வானடர்ந்த,9,0.8299999999999998,672,0.00046569388388699164
நான்பார்க்க,11,1.0400000000000005,672,0.00046569388388699164
மர,2,0.33,672,0.00046569388388699164
இரைச்ச,6,0.4399999999999999,672,0.00046569388388699164
பத்தொன்ப,8,0.6,672,0.00046569388388699164
பறிபோக,6,0.53,672,0.00046569388388699164
கருத்தென்ன,10,0.7399999999999998,672,0.00046569388388699164
எழுதாத,6,0.7,672,0.00046569388388699164
வரைந்திட,8,0.4400000000000001,672,0.00046569388388699164
அறிவாள,6,0.6400000000000001,672,0.00046569388388699164
கொணகொண,6,0.8200000000000003,672,0.00046569388388699164
குட்படுத்த,10,0.74,672,0.00046569388388699164
அருளென்ன,8,0.7100000000000001,672,0.00046569388388699164
எனக்கென்ன,9,0.8500000000000001,672,0.00046569388388699164
லோக,3,0.7399999999999998,672,0.00046569388388699164
கொழகொழ,6,0.7399999999999998,672,0.00046569388388699164
விளைந்துள்ள,11,0.81,672,0.00046569388388699164
கரிய,4,0.4199999999999999,672,0.00046569388388699164
குற்றமல்ல,9,0.8200000000000003,672,0.00046569388388699164
யுரைத்திட,9,0.6000000000000001,672,0.00046569388388699164
நோய்க,5,0.4100000000000001,672,0.00046569388388699164
கேட்ப,5,0.3499999999999998,672,0.00046569388388699164
யந்திர,6,0.55,672,0.00046569388388699164
நிலைகொண்ட,9,0.71,672,0.00046569388388699164
மொழியென்ற,9,0.8199999999999998,672,0.00046569388388699164
கயலென,5,0.61,672,0.00046569388388699164
ராசப்ப,6,0.5800000000000001,672,0.00046569388388699164
வணங்கிய,7,0.69,672,0.00046569388388699164
வாடிய,5,0.69,672,0.00046569388388699164
நிகரற்ற,7,0.5699999999999998,672,0.00046569388388699164
எக்களிக்க,9,0.72,672,0.00046569388388699164
தனிப்பட்ட,9,0.7000000000000001,672,0.00046569388388699164
சிதைந்த,7,0.8,672,0.00046569388388699164
தாயென்ற,7,0.72,672,0.00046569388388699164
வளமிக்க,7,0.8300000000000001,672,0.00046569388388699164
புத்த,5,0.3500000000000001,672,0.00046569388388699164
வசப்பட,6,0.5900000000000001,672,0.00046569388388699164
தொலைந்தன,8,0.69,672,0.00046569388388699164
தம்முடைய,8,0.53,672,0.00046569388388699164
விடுக்க,7,0.6100000000000003,672,0.00046569388388699164
இடதுபுறமாக,10,0.91,672,0.00046569388388699164
அல்ல,4,0.4600000000000004,672,0.00046569388388699164
தெரிந்துகொள்ள,13,0.77,672,0.00046569388388699164
குன்றின,7,0.6600000000000001,672,0.00046569388388699164
வதங்கிய,7,0.56,672,0.00046569388388699164
குத்தொக்க,9,0.8999999999999995,672,0.00046569388388699164
புற,3,0.3800000000000001,672,0.00046569388388699164
சுருங்கிய,9,0.8500000000000001,672,0.00046569388388699164
தட்டிய,6,0.45,672,0.00046569388388699164
குருட,5,0.26,672,0.00046569388388699164
தலையாய,6,0.7300000000000001,672,0.00046569388388699164
பைய,3,0.35,672,0.00046569388388699164
போல்வன,6,0.6299999999999999,672,0.00046569388388699164
கேள்விப்பட்ட,12,0.7899999999999998,672,0.00046569388388699164
வண்ண,4,0.41,672,0.00046569388388699164
பாழான,5,0.5999999999999999,672,0.00046569388388699164
வகுத்த,6,0.6299999999999999,672,0.00046569388388699164
யாம்பெற்ற,9,0.76,672,0.00046569388388699164
மறைவற்ற,7,0.6600000000000001,672,0.00046569388388699164
இருப்பதாக,9,0.79,672,0.00046569388388699164
வெப்ப,5,0.4600000000000001,672,0.00046569388388699164
சரியல்ல,7,0.7400000000000002,672,0.00046569388388699164
மதமத,4,0.54,672,0.00046569388388699164
மண்டைசுழ,8,0.92,672,0.00046569388388699164
வாங்கிய,7,0.8,672,0.00046569388388699164
யாங்கண்ட,8,0.6499999999999999,672,0.00046569388388699164
இறக்கின்ற,9,0.9900000000000002,672,0.00046569388388699164
எதுநல்ல,7,0.6400000000000001,672,0.00046569388388699164
பெற்றவ,6,0.5,672,0.00046569388388699164
புவிக்கவ,8,0.79,672,0.00046569388388699164
பயன்தர,6,1.0100000000000002,672,0.00046569388388699164
செத்துவிட்ட,11,0.74,672,0.00046569388388699164
கொய்வ,5,0.3399999999999998,672,0.00046569388388699164
வெதுப்பிய,9,0.56,672,0.00046569388388699164
விளக்கல்ல,9,0.69,672,0.00046569388388699164
நாம்திறக்க,10,0.7399999999999998,672,0.00046569388388699164
துகிலென,7,0.54,672,0.00046569388388699164
பழயமுத,6,0.7100000000000001,672,0.00046569388388699164
சமுத்திர,8,0.56,672,0.00046569388388699164
சேர்சின்ன,9,0.8900000000000001,672,0.00046569388388699164
செறிந்தென்ன,11,0.9400000000000002,672,0.00046569388388699164
ராவ,3,0.4400000000000004,672,0.00046569388388699164
சத்தான,6,0.71,672,0.00046569388388699164
அமிழ்த,6,0.4300000000000001,672,0.00046569388388699164
எனக்கேட்ட,9,0.69,672,0.00046569388388699164
அழகாக,5,0.6499999999999999,672,0.00046569388388699164
அமைந்த,6,0.52,672,0.00046569388388699164
வெறிகொண்ட,9,0.7,672,0.00046569388388699164
கதறுகின்ற,9,0.9,672,0.00046569388388699164
துணைக்கோளான,11,0.8399999999999999,672,0.00046569388388699164
மின்னாத,7,0.6600000000000001,672,0.00046569388388699164
பரத,3,0.5500000000000003,672,0.00046569388388699164
நேராக,5,0.56,672,0.00046569388388699164
கொக்கொக்க,9,0.94,672,0.00046569388388699164
ரிக்க,5,0.5,672,0.00046569388388699164
நண்பர்களாக,10,0.91,672,0.00046569388388699164
கவர்வன,6,0.6400000000000001,672,0.00046569388388699164
என்ன,5,0.91,672,0.00046569388388699164
சயம்செய்க,9,0.8399999999999999,672,0.00046569388388699164
செயப்போவ,8,0.7599999999999998,672,0.00046569388388699164
திருந்தாத,9,0.71,672,0.00046569388388699164
தேக்கிய,7,0.6199999999999999,672,0.00046569388388699164
அறிவுடைய,8,0.6199999999999999,672,0.00046569388388699164
மிகப்பெரிய,10,0.6399999999999999,672,0.00046569388388699164
பொற்புள்ள,9,0.8300000000000001,672,0.00046569388388699164
பிணமக,5,0.3900000000000001,672,0.00046569388388699164
மணமக,4,0.55,672,0.00046569388388699164
நான்நினைத்த,11,1.0299999999999998,672,0.00046569388388699164
தலைவிதியென,10,0.71,672,0.00046569388388699164
இவ்விளைய,8,0.7200000000000002,672,0.00046569388388699164
வழங்கிட,7,0.7100000000000001,672,0.00046569388388699164
செப்பிய,7,0.6400000000000001,672,0.00046569388388699164
வசப்படுத்த,10,0.84,672,0.00046569388388699164
புத்தக,6,0.45,672,0.00046569388388699164
சாதிமத,6,0.8,672,0.00046569388388699164
வெடுக்கென,9,0.6000000000000001,672,0.00046569388388699164
வாழ்க,5,0.5,672,0.00046569388388699164
புனைய,5,0.4599999999999999,672,0.00046569388388699164
லேயுள்ள,7,0.8400000000000003,672,0.00046569388388699164
பயன்பட,6,0.5999999999999999,672,0.00046569388388699164
சிவந்த,6,0.62,672,0.00046569388388699164
லாவ,3,0.31,672,0.00046569388388699164
குறைந்தன,8,0.6100000000000001,672,0.00046569388388699164
தனியிருந்த,10,0.75,672,0.00046569388388699164
பளபள,4,0.5700000000000001,672,0.00046569388388699164
பொருளற்ற,8,0.73,672,0.00046569388388699164
சொல்லுங்க,9,0.49,672,0.00046569388388699164
தோம்நல்ல,8,0.64,672,0.00046569388388699164
அலம்பாத,7,0.7899999999999998,672,0.00046569388388699164
கட்டழிக்க,9,0.75,672,0.00046569388388699164
நாக்குளிர,9,0.7999999999999998,672,0.00046569388388699164
வெகுநல்ல,8,0.6699999999999997,672,0.00046569388388699164
கந்தக,5,0.41,672,0.00046569388388699164
யுடைபாவ,7,0.6600000000000001,672,0.00046569388388699164
இதிலென்ன,8,0.56,672,0.00046569388388699164
னியைந்த,7,0.8200000000000001,672,0.00046569388388699164
மேற்காக,7,0.71,672,0.00046569388388699164
எனக்கிருப்ப,11,0.6799999999999999,672,0.00046569388388699164
இழக்க,5,0.5699999999999998,672,0.00046569388388699164
நிலைசொல்ல,9,0.8899999999999999,672,0.00046569388388699164
கனத்த,5,0.56,672,0.00046569388388699164
சமத்துவ,7,0.74,672,0.00046569388388699164
பெயர்த்திட,10,0.63,672,0.00046569388388699164
கைப்பந்தென,10,0.8899999999999999,672,0.00046569388388699164
வந்தாங்க,8,0.7399999999999998,672,0.00046569388388699164
கைபோல,5,0.7799999999999998,672,0.00046569388388699164
குடித்துவிட,11,0.7800000000000002,672,0.00046569388388699164
பொதுவாக,7,0.5800000000000001,672,0.00046569388388699164
மெய்த்திற,9,0.8800000000000001,672,0.00046569388388699164
கிழக்காக,8,0.7,672,0.00046569388388699164
எந்தெந்த,8,0.63,672,0.00046569388388699164
தணியாத,6,0.6099999999999999,672,0.00046569388388699164
அறனல்ல,6,0.5200000000000005,672,0.00046569388388699164
அகநக,4,0.54,672,0.00046569388388699164
மாறியுள்ளன,10,0.6499999999999999,672,0.00046569388388699164
முகநக,5,0.57,672,0.00046569388388699164
பெற்றிஎன்க,10,0.8500000000000001,672,0.00046569388388699164
தெள்ளுற்ற,9,0.7399999999999999,672,0.00046569388388699164
பிடிக்க,7,0.5699999999999998,672,0.00046569388388699164
யில்லாத,7,0.52,672,0.00046569388388699164
இறவாத,5,0.7799999999999999,1149,0.0003104625892579944
அவர்க்கென்ன,11,0.8700000000000001,1149,0.0003104625892579944
வாழ்த்துகின்ற,13,0.81,1149,0.0003104625892579944
சித்தார்த்த,11,0.875,1149,0.0003104625892579944
வலிய,4,0.48,1149,0.0003104625892579944
சம்பவித்த,9,0.985,1149,0.0003104625892579944
எனநினைத்த,9,0.8150000000000002,1149,0.0003104625892579944
தருக,4,0.31,1149,0.0003104625892579944
அழுகிய,6,0.605,1149,0.0003104625892579944
லேஇள,4,0.825,1149,0.0003104625892579944
தேவையற்ற,8,0.88,1149,0.0003104625892579944
போதுமென,7,0.5799999999999998,1149,0.0003104625892579944
கற்பனையென,9,0.8999999999999999,1149,0.0003104625892579944
சிரித்தாக,9,0.6799999999999999,1149,0.0003104625892579944
கல்லொத்த,8,0.69,1149,0.0003104625892579944
புகழுடைய,8,0.7800000000000001,1149,0.0003104625892579944
விளைவன,6,0.55,1149,0.0003104625892579944
சோழ,3,0.355,1149,0.0003104625892579944
பறித்தெடுத்த,12,0.78,1149,0.0003104625892579944
தெரியல,6,0.78,1149,0.0003104625892579944
பேச்சுவல்ல,10,0.7650000000000001,1149,0.0003104625892579944
இருக்காங்க,10,0.7749999999999999,1149,0.0003104625892579944
தெளிவளிக்க,10,0.8699999999999999,1149,0.0003104625892579944
ரியன்வாழ்க,10,0.81,1149,0.0003104625892579944
பேர்த்துவர,10,0.7949999999999999,1149,0.0003104625892579944
புதைக்க,7,0.49,1149,0.0003104625892579944
தோன்றுக,7,0.915,1149,0.0003104625892579944
நிறைந்திட,9,0.7900000000000001,1149,0.0003104625892579944
ரத்த,4,0.6050000000000002,1149,0.0003104625892579944
கழுகொத்த,8,0.7799999999999999,1149,0.0003104625892579944
இலைஎன்ன,7,0.7050000000000001,1149,0.0003104625892579944
நயமில,5,0.71,1149,0.0003104625892579944
சரியென்ப,8,0.765,1149,0.0003104625892579944
பாச்சிய,7,0.565,1149,0.0003104625892579944
படுத்துகின்ற,12,0.835,1149,0.0003104625892579944
வாச,3,0.3349999999999998,1149,0.0003104625892579944
போகல,4,0.5550000000000002,1149,0.0003104625892579944
மதிய,4,0.42,1149,0.0003104625892579944
வளிக்க,6,0.625,1149,0.0003104625892579944
சேமமுற,6,1.0,1149,0.0003104625892579944
கண்டெடுத்த,10,0.81,1149,0.0003104625892579944
வோம்நல்ல,8,0.6149999999999999,1149,0.0003104625892579944
தோன்றிய,7,0.6749999999999998,1149,0.0003104625892579944
சாற்றுவ,7,0.6000000000000001,1149,0.0003104625892579944
ணாய்ப்போன,9,0.6399999999999999,1149,0.0003104625892579944
மிக்குயர்ந்த,12,0.8400000000000001,1149,0.0003104625892579944
விரும்பாத,9,0.81,1149,0.0003104625892579944
குளிரடைந்த,10,0.7249999999999999,1149,0.0003104625892579944
அளவுக்கதிகமாக,13,1.005,1149,0.0003104625892579944
எச்சரிக்க,9,0.6800000000000002,1149,0.0003104625892579944
பழக,3,0.435,1149,0.0003104625892579944
தலைநகரமாக,9,0.8999999999999999,1149,0.0003104625892579944
நடுங்கின,8,0.6799999999999998,1149,0.0003104625892579944
நினைப்பென்ன,11,0.9049999999999998,1149,0.0003104625892579944
நாள்எந்த,8,0.6999999999999998,1149,0.0003104625892579944
சலிப்ப,6,0.445,1149,0.0003104625892579944
அவனுக்கென்ன,11,0.865,1149,0.0003104625892579944
முன்னின்ற,9,0.6849999999999999,1149,0.0003104625892579944
பற்பல,5,0.56,1149,0.0003104625892579944
சொல்லுவாங்க,11,0.8650000000000002,1149,0.0003104625892579944
பெரியவங்க,9,0.8150000000000001,1149,0.0003104625892579944
நலிவுற்ற,8,0.715,1149,0.0003104625892579944
தொட்டிந்த,9,0.67,1149,0.0003104625892579944
படைத்த,6,0.59,1149,0.0003104625892579944
வெட்டிவிட்ட,11,0.9549999999999998,1149,0.0003104625892579944
இன்பமென,7,0.6550000000000001,1149,0.0003104625892579944
நோய்கொண்ட,9,0.4099999999999999,1149,0.0003104625892579944
வான்எங்க,8,0.9150000000000004,1149,0.0003104625892579944
சுவையுள்ள,9,0.85,1149,0.0003104625892579944
யெடுத்துவர,10,0.8300000000000001,1149,0.0003104625892579944
விரைவில்பல,10,1.06,1149,0.0003104625892579944
களாக,4,0.47,1149,0.0003104625892579944
மேல்வைத்த,9,1.055,1149,0.0003104625892579944
அச்சமென்ப,9,1.57,1149,0.0003104625892579944
கருவுற்ற,8,0.655,1149,0.0003104625892579944
வாழ்த்த,7,0.405,1149,0.0003104625892579944
நிலங்கிழிக்க,12,1.045,1149,0.0003104625892579944
வாழ்கின்ற,9,0.7749999999999999,1149,0.0003104625892579944
நான்சொன்ன,9,0.55,1149,0.0003104625892579944
பிழிந்திட்ட,11,0.76,1149,0.0003104625892579944
மலையாத,6,0.7350000000000002,1149,0.0003104625892579944
மறைந்துவிட்ட,12,0.765,1149,0.0003104625892579944
பெருக்க,7,0.405,1149,0.0003104625892579944
கிட்டிமர,8,0.855,1149,0.0003104625892579944
கோமள,4,0.5499999999999999,1149,0.0003104625892579944
பாண்டிய,7,0.4200000000000001,1149,0.0003104625892579944
சரச,3,0.6,1149,0.0003104625892579944
நன்றிபுரிந்த,12,1.08,1149,0.0003104625892579944
நிலையறிய,8,0.81,1149,0.0003104625892579944
சிதறுகின்ற,10,1.175,1149,0.0003104625892579944
தள்ளாத,6,0.6399999999999999,1149,0.0003104625892579944
அங்கந்த,7,0.64,1149,0.0003104625892579944
பண்டொழிந்த,10,0.905,1149,0.0003104625892579944
டெறிந்த,7,0.7950000000000002,1149,0.0003104625892579944
பாக்கியிந்த,11,0.9250000000000004,1149,0.0003104625892579944
செய்யுற,7,0.665,1149,0.0003104625892579944
கம்பெனில,8,0.755,1149,0.0003104625892579944
குளிப்ப,7,0.4499999999999999,1149,0.0003104625892579944
முறையாக,7,0.8550000000000001,1149,0.0003104625892579944
அவம,3,0.3850000000000001,1149,0.0003104625892579944
எழிலான,6,0.47,1149,0.0003104625892579944
பிழையென,7,0.5499999999999999,1149,0.0003104625892579944
மொய்த்திருப்ப,13,0.6299999999999998,1149,0.0003104625892579944
முழுநேர,7,0.5799999999999998,1149,0.0003104625892579944
கைப்பட,6,0.5349999999999999,1149,0.0003104625892579944
அடியேன்செய்த,12,1.2150000000000003,1149,0.0003104625892579944
வேர்கள்பல,9,0.8200000000000001,1149,0.0003104625892579944
கசடற,4,1.005,1149,0.0003104625892579944
குறுநில,7,0.52,1149,0.0003104625892579944
இருண்டன,7,1.605,1149,0.0003104625892579944
தனிப்பட,7,0.8799999999999998,1149,0.0003104625892579944
திரிகின்ற,9,0.77,1149,0.0003104625892579944
தெரிகின்ற,9,0.7500000000000001,1149,0.0003104625892579944
இருண்ட,6,0.65,1149,0.0003104625892579944
பாடாத,5,0.6200000000000001,1149,0.0003104625892579944
மான,3,0.4000000000000001,1149,0.0003104625892579944
பிழையில,7,0.6749999999999999,1149,0.0003104625892579944
தமிழறிந்த,9,0.66,1149,0.0003104625892579944
சலசலென,6,1.07,1149,0.0003104625892579944
வளர்க்கின்ற,11,0.87,1149,0.0003104625892579944
அன்புக்குரிய,12,0.7749999999999999,1149,0.0003104625892579944
நன்முர,6,0.535,1149,0.0003104625892579944
கடனென்ப,7,0.7000000000000001,1149,0.0003104625892579944
கிட்டரிய,8,0.695,1149,0.0003104625892579944
பொங்கிய,7,0.5599999999999999,1149,0.0003104625892579944
துடிக்க,7,0.455,1149,0.0003104625892579944
சக்கர,5,0.6400000000000001,1149,0.0003104625892579944
வெறுத்தக்க,10,0.8999999999999999,1149,0.0003104625892579944
பயனற்ற,6,0.5850000000000001,1149,0.0003104625892579944
னல்லபிற,7,0.6999999999999997,1149,0.0003104625892579944
பதிப்புரிமையற்ற,15,1.09,1149,0.0003104625892579944
இதய,3,0.6350000000000002,1149,0.0003104625892579944
தலைவரான,7,0.7000000000000002,1149,0.0003104625892579944
சாவதென்ற,8,1.015,1149,0.0003104625892579944
விளக்குவைத்த,12,0.725,1149,0.0003104625892579944
பெண்ணான,7,0.77,1149,0.0003104625892579944
எளிதுணர,7,0.8,1149,0.0003104625892579944
மாசற்ற,6,0.8400000000000001,1149,0.0003104625892579944
தாழ்வென்ன,9,0.865,1149,0.0003104625892579944
அண்டாத,6,1.19,1149,0.0003104625892579944
செய்கின்ற,9,0.7949999999999999,1149,0.0003104625892579944
வாங்கல,6,1.6900000000000002,1149,0.0003104625892579944
மனம்போல,7,0.94,1149,0.0003104625892579944
விளைத்தன,8,0.5450000000000002,1149,0.0003104625892579944
தொழிலறிந்த,10,0.8200000000000002,1149,0.0003104625892579944
துச்சமாக,8,0.73,1149,0.0003104625892579944
லேயிழைத்த,9,0.94,1149,0.0003104625892579944
தொட்டறிந்த,10,0.64,1149,0.0003104625892579944
யாம்சொன்ன,9,0.5850000000000002,1149,0.0003104625892579944
முழுதாய்ந்த,11,0.85,1149,0.0003104625892579944
மிகுத்திருந்த,13,0.955,1149,0.0003104625892579944
துடித்த,7,0.5650000000000001,1149,0.0003104625892579944
வகுத்திட்ட,10,0.705,1149,0.0003104625892579944
போதித்த,7,0.6299999999999999,1149,0.0003104625892579944
புண்படைத்த,10,0.815,1149,0.0003104625892579944
லாம்சம,6,0.4699999999999998,1149,0.0003104625892579944
தாக,3,0.36,1149,0.0003104625892579944
பெருக்கெடுக்க,13,1.0799999999999998,1149,0.0003104625892579944
அடைந்திட,8,0.6350000000000001,1149,0.0003104625892579944
நட,2,0.3050000000000001,1149,0.0003104625892579944
பத்தடுத்த,9,0.7849999999999999,1149,0.0003104625892579944
அணிஅல்ல,7,0.8800000000000001,1149,0.0003104625892579944
நலம்பட,6,0.57,1149,0.0003104625892579944
நல்லொழுக்க,10,0.765,1149,0.0003104625892579944
வார்கள்சில,10,1.6150000000000002,1149,0.0003104625892579944
நடந்திட்ட,9,0.7849999999999999,1149,0.0003104625892579944
அமைவுற,6,0.6499999999999999,1149,0.0003104625892579944
துயருற்ற,8,0.7050000000000001,1149,0.0003104625892579944
கரிசன,5,0.505,1149,0.0003104625892579944
முகமல,5,0.5850000000000001,1149,0.0003104625892579944
வருத்திட,8,0.795,1149,0.0003104625892579944
அகண்ட,5,0.735,1149,0.0003104625892579944
செய்துதந்த,10,1.005,1149,0.0003104625892579944
அணைக்க,6,0.895,1149,0.0003104625892579944
கனவொழிய,7,0.6200000000000001,1149,0.0003104625892579944
பென்ன,5,0.61,1149,0.0003104625892579944
வெப்பச்சலன,10,0.84,1149,0.0003104625892579944
தந்துள்ள,8,0.71,1149,0.0003104625892579944
கவர்ந்திட,9,0.685,1149,0.0003104625892579944
காழ்ப்ப,7,0.625,1149,0.0003104625892579944
நவதானிய,7,0.83,1149,0.0003104625892579944
அரிய,4,0.4049999999999999,1149,0.0003104625892579944
தன்கண,5,0.605,1149,0.0003104625892579944
நொய்ய,5,0.5549999999999999,1149,0.0003104625892579944
காணப்பட்ட,9,0.6550000000000002,1149,0.0003104625892579944
யுள்ள,5,0.5449999999999999,1149,0.0003104625892579944
குளிரிள,7,0.68,1149,0.0003104625892579944
தங்கிட,6,0.5899999999999999,1149,0.0003104625892579944
சாத்த,5,0.6199999999999999,1149,0.0003104625892579944
துறவற்க,7,0.6950000000000001,1149,0.0003104625892579944
மறவற்க,6,0.615,1149,0.0003104625892579944
திருக்க,7,0.4499999999999999,1149,0.0003104625892579944
இயல்பான,7,0.7049999999999998,1149,0.0003104625892579944
இருள்கொண்ட,10,0.8900000000000001,1149,0.0003104625892579944
பிணிபோல,7,0.8200000000000001,1149,0.0003104625892579944
கருப்பமுற,9,0.675,1149,0.0003104625892579944
அகன்றிட,7,0.565,1149,0.0003104625892579944
திருத்திய,9,0.865,1149,0.0003104625892579944
வடித்த,6,0.5900000000000001,1149,0.0003104625892579944
மனம்வருவ,8,0.7299999999999999,1149,0.0003104625892579944
நானுண்ண,7,0.6699999999999998,1149,0.0003104625892579944
அன்றந்த,7,0.655,1149,0.0003104625892579944
மாரத,4,0.45,1149,0.0003104625892579944
இழிந்த,6,0.4500000000000002,1149,0.0003104625892579944
அழியாத,6,0.6000000000000001,1149,0.0003104625892579944
நானிருக்க,9,0.5950000000000001,1149,0.0003104625892579944
தேவர்க,6,0.7649999999999999,1149,0.0003104625892579944
ளொப்ப,5,0.3149999999999999,1149,0.0003104625892579944
தாலியற்ற,8,0.77,1149,0.0003104625892579944
நற்போத,6,0.825,1149,0.0003104625892579944
இழுத்துவர,9,0.7549999999999997,1149,0.0003104625892579944
நல்கிய,6,0.695,1149,0.0003104625892579944
கிட்ட,5,0.5050000000000001,1149,0.0003104625892579944
தமிழ்மக்க,9,0.655,1149,0.0003104625892579944
இரண்டொழிய,9,0.9,1149,0.0003104625892579944
தேய்ந்த,7,2.0,1149,0.0003104625892579944
கங்குள்ள,8,0.7350000000000001,1149,0.0003104625892579944
றிருந்த,7,0.845,1149,0.0003104625892579944
தெருள்கொள்ள,11,0.895,1149,0.0003104625892579944
அங்குள,6,0.6050000000000001,1149,0.0003104625892579944
சொரிந்தன,8,0.6949999999999998,1149,0.0003104625892579944
புனைந்த,7,0.4649999999999999,1149,0.0003104625892579944
பொள்ளென,7,0.6599999999999999,1149,0.0003104625892579944
வலப்புறமாக,10,1.1949999999999996,1149,0.0003104625892579944
குளித்துவிட்ட,13,0.9299999999999996,1149,0.0003104625892579944
முறையுள்ள,9,0.91,1149,0.0003104625892579944
துணைதேட,7,0.665,1149,0.0003104625892579944
பேசிய,5,0.4999999999999999,1149,0.0003104625892579944
பணிந்திடுவார,12,0.965,1149,0.0003104625892579944
துரத்திவந்த,11,0.945,1149,0.0003104625892579944
சுகங்கண்ட,9,0.7949999999999999,1149,0.0003104625892579944
தறியாத,6,0.765,1149,0.0003104625892579944
இளிக்க,6,0.5,1149,0.0003104625892579944
இழைக்க,6,0.885,1149,0.0003104625892579944
அனைவரிட,7,0.56,1149,0.0003104625892579944
தொகையாக,7,0.435,1149,0.0003104625892579944
சாமார்த்திய,11,0.6799999999999999,1149,0.0003104625892579944
தகதகென,6,0.685,1149,0.0003104625892579944
நினைவுவந்த,10,0.8749999999999998,1149,0.0003104625892579944
யுபடம்ருஎன்ற,12,1.965,1149,0.0003104625892579944
நெற்சேர,7,0.78,1149,0.0003104625892579944
தெரிய,5,0.4499999999999999,1149,0.0003104625892579944
யடித்திட்ட,10,0.855,1149,0.0003104625892579944
விளங்கிய,8,0.4950000000000001,1149,0.0003104625892579944
துணைவேந்தராக,12,0.815,1149,0.0003104625892579944
எதிர்பார்த்த,12,0.8999999999999999,1149,0.0003104625892579944
இவையென்ற,8,0.7549999999999999,1149,0.0003104625892579944
தோற்பன,6,0.795,1149,0.0003104625892579944
மேற்கொண்ட,9,0.9699999999999996,1149,0.0003104625892579944
சுவையறிந்த,10,1.1549999999999998,1149,0.0003104625892579944
வந்தந்த,7,0.655,1149,0.0003104625892579944
றமைந்த,6,0.6649999999999999,1149,0.0003104625892579944
குறிப்பிட்ட,11,0.985,1149,0.0003104625892579944
தடித்த,6,0.5550000000000002,1149,0.0003104625892579944
பேச்சறிய,8,0.75,1149,0.0003104625892579944
தேநட,4,0.5550000000000002,1149,0.0003104625892579944
முந்துள்ள,9,0.635,1149,0.0003104625892579944
கான,3,0.4800000000000001,1149,0.0003104625892579944
அதைமிக்க,8,0.715,1149,0.0003104625892579944
அறிவிக்க,8,0.57,1149,0.0003104625892579944
திடுவ,5,0.345,1149,0.0003104625892579944
வேகமான,6,0.6599999999999999,1149,0.0003104625892579944
நன்றிந்த,8,0.735,1149,0.0003104625892579944
அதிர,4,0.395,1149,0.0003104625892579944
வினைக்கரிய,10,0.8300000000000001,1149,0.0003104625892579944
செயற்கரிய,9,0.8500000000000001,1149,0.0003104625892579944
இரக்கமற்ற,9,1.835,1149,0.0003104625892579944
திக்கின்ற,9,0.7150000000000001,1149,0.0003104625892579944
தொடுக்காத,9,1.1350000000000002,1149,0.0003104625892579944
பண்ணிய,6,0.485,1149,0.0003104625892579944
சுமந்துபெற்ற,12,0.925,1149,0.0003104625892579944
வசமிழந்த,8,0.7849999999999999,1149,0.0003104625892579944
லட்சியத்துக்காக,15,1.3,1149,0.0003104625892579944
காலைவந்த,8,0.75,1149,0.0003104625892579944
கேஎடுத்த,8,0.825,1149,0.0003104625892579944
நாரத,4,0.585,1149,0.0003104625892579944
எமையிழுத்த,10,0.7249999999999999,1149,0.0003104625892579944
வளம்பெற,7,0.6749999999999999,1149,0.0003104625892579944
துயருற,6,0.6549999999999997,1149,0.0003104625892579944
கல்லென,6,0.65,1149,0.0003104625892579944
போயுரைக்க,9,0.82,1149,0.0003104625892579944
செய்தற்கரிய,11,0.97,1149,0.0003104625892579944
யணமென்ற,7,0.965,1149,0.0003104625892579944
கொண்டுள்ள,9,0.655,1149,0.0003104625892579944
கண்ணாக,6,0.81,1149,0.0003104625892579944
பழங்கல,6,0.6049999999999999,1149,0.0003104625892579944
தேர்வாய்ந்த,11,0.91,1149,0.0003104625892579944
குறுகிய,7,0.495,1149,0.0003104625892579944
மதியென,6,0.4550000000000001,1149,0.0003104625892579944
பொதுவாக்க,9,0.7949999999999999,1149,0.0003104625892579944
அன்பென்ற,8,0.73,1149,0.0003104625892579944
பணியல்ல,7,0.8099999999999998,1149,0.0003104625892579944
தேடிய,5,0.5899999999999999,1149,0.0003104625892579944
நெய்துவைத்த,11,0.92,1149,0.0003104625892579944
பலமென்ற,7,0.7299999999999999,1149,0.0003104625892579944
பணமென்ற,7,0.7150000000000001,1149,0.0003104625892579944
தானொழுக,7,0.6200000000000001,1149,0.0003104625892579944
மாற்றிய,7,0.635,1149,0.0003104625892579944
னால்செய்த,9,1.88,1149,0.0003104625892579944
கிளிய,5,0.32,1149,0.0003104625892579944
பொருந்திடுக,11,0.9049999999999998,1149,0.0003104625892579944
கிவ்வித,7,0.405,1149,0.0003104625892579944
தவிர்க்கவந்த,12,0.8999999999999998,1149,0.0003104625892579944
நடக்கிற,7,1.495,1149,0.0003104625892579944
பணம்என்ற,8,0.91,1149,0.0003104625892579944
எளிதென்ப,8,0.6149999999999999,1149,0.0003104625892579944
வழிசெய்வ,8,0.8649999999999998,1149,0.0003104625892579944
மறைவ,4,0.5449999999999999,1149,0.0003104625892579944
மெத்த,5,0.52,1149,0.0003104625892579944
குறுகத்தரித்த,13,0.9850000000000004,1149,0.0003104625892579944
துயர்ப்பட,9,0.745,1149,0.0003104625892579944
அமைந்தன,7,0.625,1149,0.0003104625892579944
னதுதாய்மிக,10,0.7949999999999999,1149,0.0003104625892579944
முகத்துல,8,0.55,1149,0.0003104625892579944
வாய்ந்திடுக,11,1.29,1149,0.0003104625892579944
என்றுரைத்த,10,0.8450000000000001,1149,0.0003104625892579944
மெய்சோர்ந்த,11,1.065,1149,0.0003104625892579944
எமனாக,5,0.6,1149,0.0003104625892579944
லாம்என்ன,8,0.895,1149,0.0003104625892579944
பின்நடந்த,9,0.8749999999999998,1149,0.0003104625892579944
அழிப்ப,6,0.4800000000000002,1149,0.0003104625892579944
பேசிடுக,7,0.8200000000000001,1149,0.0003104625892579944
கனத்திருந்த,11,1.335,1149,0.0003104625892579944
புனல்நிறைந்த,12,0.905,1149,0.0003104625892579944
அசைக்க,6,0.4499999999999999,1149,0.0003104625892579944
பெண்படைத்த,10,0.835,1149,0.0003104625892579944
கண்டெழுத,8,0.675,1149,0.0003104625892579944
மாடல்ல,6,0.6900000000000002,1149,0.0003104625892579944
கொடிய,5,0.3599999999999999,1149,0.0003104625892579944
மெய்சிலிர்க்க,13,0.935,1149,0.0003104625892579944
அதற்கென்ன,9,0.7250000000000001,1149,0.0003104625892579944
கலகல,4,0.575,1149,0.0003104625892579944
சேர்ந்தன,8,0.7849999999999999,1149,0.0003104625892579944
மற்றைய,6,0.6000000000000005,1149,0.0003104625892579944
விதமேயுன,8,1.105,1149,0.0003104625892579944
வெடிப்ப,7,0.44,1149,0.0003104625892579944
மற்றுள்ள,8,0.5650000000000001,1149,0.0003104625892579944
தேச,3,0.3600000000000001,1149,0.0003104625892579944
புரிவ,5,0.295,1149,0.0003104625892579944
பரக்க,5,0.4449999999999998,1149,0.0003104625892579944
கொதிக்க,7,0.7950000000000002,1149,0.0003104625892579944
அக்கால,6,0.705,1149,0.0003104625892579944
குளிர்ந்த,9,0.5700000000000001,1149,0.0003104625892579944
வருவாங்க,8,0.88,1149,0.0003104625892579944
இளைய,4,0.3899999999999999,1149,0.0003104625892579944
தாழ்வகற்ற,9,0.995,1149,0.0003104625892579944
மறைக்க,6,0.48,1149,0.0003104625892579944
விட்டன,6,0.4199999999999999,1149,0.0003104625892579944
நனவிலுள்ள,9,0.72,1149,0.0003104625892579944
துணிந்த,7,0.5449999999999999,1149,0.0003104625892579944
சதிபுரிந்த,10,1.0399999999999998,1149,0.0003104625892579944
தயைமிக,6,0.5399999999999998,1149,0.0003104625892579944
அங்குரைத்த,10,0.6600000000000001,1149,0.0003104625892579944
தனித்தமைந்த,11,0.915,1149,0.0003104625892579944
பாய்ச்சிவிட,11,0.6649999999999999,1149,0.0003104625892579944
வளர்ப்பன,8,0.5650000000000001,1149,0.0003104625892579944
கனைத்திட,8,0.655,1149,0.0003104625892579944
விரிவ,5,0.32,1149,0.0003104625892579944
சங்கம,5,0.6200000000000001,1149,0.0003104625892579944
மதுப்ப,6,0.4300000000000001,1149,0.0003104625892579944
நல்லன,5,0.54,1149,0.0003104625892579944
இச்சையுற,8,0.845,1149,0.0003104625892579944
இசைமிக்க,8,0.7850000000000001,1149,0.0003104625892579944
நுழைய,5,0.595,1149,0.0003104625892579944
மேவிட,5,0.845,1149,0.0003104625892579944
பழக்க,5,0.5299999999999999,1149,0.0003104625892579944
செவிக்குணவில்லாத,16,1.33,1149,0.0003104625892579944
தென்புள்ள,9,0.7350000000000001,1149,0.0003104625892579944
கிழமைப்பட,9,0.7950000000000002,1149,0.0003104625892579944
மறுதார,6,0.375,1149,0.0003104625892579944
வரப்பெடுத்த,11,0.8400000000000002,1149,0.0003104625892579944
யாயின்அந்த,10,1.5499999999999998,1149,0.0003104625892579944
லாளியென்ப,9,0.71,1149,0.0003104625892579944
புதுப்பருவ,10,0.6449999999999999,1149,0.0003104625892579944
அதுகிடக்க,9,0.7350000000000001,1149,0.0003104625892579944
பராக்கிர,8,0.525,1149,0.0003104625892579944
கிணத்துல,8,0.6400000000000001,1149,0.0003104625892579944
அடர்த்தியான,11,0.6949999999999998,1149,0.0003104625892579944
திடவந்த,7,0.625,1149,0.0003104625892579944
இணைந்த,6,1.5600000000000005,1149,0.0003104625892579944
அடைக,4,0.4349999999999998,1149,0.0003104625892579944
நடந்துவிடுகின்றன,16,1.275,1149,0.0003104625892579944
இறுக,4,0.4599999999999999,1149,0.0003104625892579944
விமான,5,0.415,1149,0.0003104625892579944
அந்தந்த,7,0.595,1149,0.0003104625892579944
மொழிதந்த,8,0.905,1149,0.0003104625892579944
அடைந்திட்ட,10,0.71,1149,0.0003104625892579944
அயர்வற்ற,8,0.7350000000000001,1149,0.0003104625892579944
கதிபெற,6,0.655,1149,0.0003104625892579944
பேடகன்ற,7,0.8200000000000001,1149,0.0003104625892579944
புரிகின்ற,9,0.58,1149,0.0003104625892579944
இசைகிடந்த,9,0.91,1149,0.0003104625892579944
தமிழ்நாட்டுல,12,0.6849999999999998,1149,0.0003104625892579944
தாங்க,5,0.53,1149,0.0003104625892579944
தோட்கப்படாத,11,0.9899999999999998,1149,0.0003104625892579944
வளமையற்ற,8,0.8200000000000001,1149,0.0003104625892579944
வெற்றிடமாக,10,0.825,1149,0.0003104625892579944
மருந்தென,8,0.635,1149,0.0003104625892579944
நித்திய,7,0.5900000000000001,1149,0.0003104625892579944
விழுந்திறக்க,12,0.8199999999999998,1149,0.0003104625892579944
தன்வாழ்வென,10,0.7950000000000002,1149,0.0003104625892579944
மாந்துக,7,1.0,1149,0.0003104625892579944
நான்கண்ட,8,0.85,1149,0.0003104625892579944
குணமேவிய,8,0.7500000000000001,1149,0.0003104625892579944
சிறியவனாக,9,0.895,1149,0.0003104625892579944
நடக்கின்ற,9,0.8100000000000002,1149,0.0003104625892579944
தான்கற்ற,8,0.71,1149,0.0003104625892579944
பொருந்திய,9,0.5,1149,0.0003104625892579944
அறம்பிற,7,2.16,1149,0.0003104625892579944
மாய்ப்ப,7,0.525,1149,0.0003104625892579944
பார்க்கின்ற,11,0.6399999999999999,1149,0.0003104625892579944
நேசிக்க,7,0.5,1149,0.0003104625892579944
என்றுபல,7,0.5799999999999998,1149,0.0003104625892579944
கொல்லவந்த,9,0.885,1149,0.0003104625892579944
காத்துக்கொள்ள,13,1.855,1149,0.0003104625892579944
மித,3,0.5149999999999999,1149,0.0003104625892579944
தண்டனைக்குரிய,13,0.945,1149,0.0003104625892579944
நுணங்கிய,8,0.75,1149,0.0003104625892579944
கண்படைத்த,9,0.86,1149,0.0003104625892579944
சுவையாக,7,0.5299999999999999,1149,0.0003104625892579944
கோதற்ற,6,0.61,1149,0.0003104625892579944
மென்ன,5,0.5,1149,0.0003104625892579944
கொன்றன்ன,8,0.665,1149,0.0003104625892579944
நெறிகொண்ட,9,0.685,1149,0.0003104625892579944
நிறைகண்ட,8,0.975,1149,0.0003104625892579944
மாற்றுயர்ந்த,12,1.015,1149,0.0003104625892579944
வடிவெடுத்த,10,0.7200000000000002,1149,0.0003104625892579944
டென்னும்இள,10,0.7449999999999999,1149,0.0003104625892579944
கற்புடைய,8,0.7250000000000001,1149,0.0003104625892579944
அவர்செய்த,9,0.6500000000000001,1149,0.0003104625892579944
வடிக்கின்ற,10,1.365,1149,0.0003104625892579944
போடுங்க,7,0.6549999999999997,1149,0.0003104625892579944
போந்த,5,0.5549999999999998,1149,0.0003104625892579944
வளைத்துள்ள,10,0.7949999999999999,1149,0.0003104625892579944
மணமிக்க,7,0.65,1149,0.0003104625892579944
மதிமிக்க,8,0.5699999999999998,1149,0.0003104625892579944
மின்னுகின்ற,11,0.825,1149,0.0003104625892579944
தின்றன,6,0.845,1149,0.0003104625892579944
பாருங்க,7,0.7549999999999999,1149,0.0003104625892579944
எடுபட,5,0.5549999999999999,1149,0.0003104625892579944
விளையாடுறாங்க,13,1.06,1149,0.0003104625892579944
சிறக்க,6,0.56,1149,0.0003104625892579944
நேர்பட,6,0.925,1149,0.0003104625892579944
கடவுளென்ற,9,0.8149999999999998,1149,0.0003104625892579944
போர்த்த,7,0.4950000000000001,1149,0.0003104625892579944
தான்என்ன,8,0.96,1149,0.0003104625892579944
மதியாத,6,0.6950000000000003,1149,0.0003104625892579944
கண்டுபல,7,0.6799999999999999,1149,0.0003104625892579944
மறமென்ற,7,0.7349999999999999,1149,0.0003104625892579944
கண்டிட,6,0.6699999999999999,1149,0.0003104625892579944
நமக்கினிய,9,0.6900000000000002,1149,0.0003104625892579944
அக்கிழ,6,0.465,1149,0.0003104625892579944
வர்பால்இந்த,11,1.005,1149,0.0003104625892579944
கோதைஅ,5,0.7750000000000001,1149,0.0003104625892579944
விட்டுவந்த,10,0.7849999999999999,1149,0.0003104625892579944
தாழ்வடைய,8,0.7749999999999999,1149,0.0003104625892579944
கடவுள்என்ற,10,0.8450000000000001,1149,0.0003104625892579944
அடைத,4,0.25,1149,0.0003104625892579944
கண்டறிய,7,0.6849999999999999,1149,0.0003104625892579944
தாபித்த,7,0.78,1149,0.0003104625892579944
யடைந்திட,8,0.6399999999999999,1149,0.0003104625892579944
காலியாக,7,0.6149999999999999,1149,0.0003104625892579944
போங்க,5,0.5249999999999999,1149,0.0003104625892579944
பண்புள,6,0.5150000000000001,1149,0.0003104625892579944
மருவுகின்ற,10,0.6949999999999998,1149,0.0003104625892579944
குரிய,5,0.3349999999999999,1149,0.0003104625892579944
இவ்வுல,6,0.67,1149,0.0003104625892579944
விட்டெறிந்த,11,0.8,1149,0.0003104625892579944
நெறைய,5,0.4450000000000003,1149,0.0003104625892579944
கருத்தையடைய,11,0.8700000000000001,1149,0.0003104625892579944
கடைத்தேற,8,0.7400000000000002,1149,0.0003104625892579944
கல்வியற்ற,9,0.7699999999999999,1149,0.0003104625892579944
முயலாக,6,0.7449999999999999,1149,0.0003104625892579944
எலியாக,6,0.665,1149,0.0003104625892579944
நாடக,4,0.3450000000000001,1149,0.0003104625892579944
தருக்க,6,0.395,1149,0.0003104625892579944
பெண்களுட,8,0.5300000000000001,1149,0.0003104625892579944
பெறச்செய்த,10,0.7199999999999998,1211,0.0001552312946289972
இவனிட்ட,7,0.6799999999999999,1211,0.0001552312946289972
வெட்க,5,0.3899999999999999,1211,0.0001552312946289972
நான்மணக்க,9,0.8299999999999998,1211,0.0001552312946289972
பசிக்க,6,0.7299999999999998,1211,0.0001552312946289972
பழிமிகுந்த,10,0.98,1211,0.0001552312946289972
பேசுசுய,7,0.8500000000000001,1211,0.0001552312946289972
மரங்கள்என்ன,11,1.15,1211,0.0001552312946289972
தொல்லுலக,8,1.0099999999999998,1211,0.0001552312946289972
மரகத,4,0.8200000000000001,1211,0.0001552312946289972
களைத்த,6,0.5400000000000001,1211,0.0001552312946289972
புனல்சோர,8,0.8599999999999999,1211,0.0001552312946289972
தாங்குவ,7,0.32,1211,0.0001552312946289972
கோடான,5,0.6999999999999997,1211,0.0001552312946289972
கதியற்ற,7,1.11,1211,0.0001552312946289972
யிற்கலந்த,9,0.8900000000000001,1211,0.0001552312946289972
கண்டதென,7,0.56,1211,0.0001552312946289972
பிரகாசமான,9,0.7999999999999998,1211,0.0001552312946289972
வெப்பமான,8,0.7400000000000002,1211,0.0001552312946289972
காலில்விழ,9,0.6499999999999999,1211,0.0001552312946289972
தான்என்ற,8,1.06,1211,0.0001552312946289972
முக,3,0.51,1211,0.0001552312946289972
வழக்கென்ன,9,0.8000000000000003,1211,0.0001552312946289972
மைஎன,4,0.8699999999999999,1211,0.0001552312946289972
இம,2,0.6200000000000001,1211,0.0001552312946289972
மேலென,5,0.72,1211,0.0001552312946289972
எழுங்காத,8,1.0200000000000002,1211,0.0001552312946289972
விழைகுவ,7,0.4699999999999998,1211,0.0001552312946289972
தானென்ன,7,0.7399999999999998,1211,0.0001552312946289972
இருப்ப,6,0.2299999999999999,1211,0.0001552312946289972
எனப்பல,6,0.7100000000000001,1211,0.0001552312946289972
கைத்தாள,7,0.6000000000000001,1211,0.0001552312946289972
மத்திய,6,0.5299999999999998,1211,0.0001552312946289972
யிற்பல,6,0.94,1211,0.0001552312946289972
எளிய,4,0.4100000000000001,1211,0.0001552312946289972
சர்வ,4,0.5500000000000003,1211,0.0001552312946289972
புல்லிய,7,0.54,1211,0.0001552312946289972
சுமக்க,6,0.6599999999999997,1211,0.0001552312946289972
அமுதப்ர,7,0.5899999999999999,1211,0.0001552312946289972
மாண்ட,5,0.4399999999999999,1211,0.0001552312946289972
யான்பார்த்த,11,0.69,1211,0.0001552312946289972
முதிய,5,0.34,1211,0.0001552312946289972
இடம்பட,6,0.5800000000000001,1211,0.0001552312946289972
முயல்க,6,0.79,1211,0.0001552312946289972
என்றந்த,7,0.9799999999999996,1211,0.0001552312946289972
பேர்க்கவந்த,11,1.2999999999999998,1211,0.0001552312946289972
திறமான,6,0.54,1211,0.0001552312946289972
தணிவ,4,0.3199999999999998,1211,0.0001552312946289972
ராமலிங்க,8,0.73,1211,0.0001552312946289972
அதிகரித்த,9,2.1799999999999997,1211,0.0001552312946289972
மழைல,4,0.33,1211,0.0001552312946289972
செம,3,0.3099999999999999,1211,0.0001552312946289972
குலாவிட,7,0.5999999999999999,1211,0.0001552312946289972
பழிக்க,6,0.6400000000000001,1211,0.0001552312946289972
தொலைப்பதென,10,0.9500000000000002,1211,0.0001552312946289972
பேசிஇந்த,8,0.8500000000000001,1211,0.0001552312946289972
அரசரெல்லாம,10,0.92,1211,0.0001552312946289972
புற்றெடுத்த,11,0.8400000000000001,1211,0.0001552312946289972
சத்தமிட்ட,9,0.81,1211,0.0001552312946289972
இயற்ற,5,0.6099999999999999,1211,0.0001552312946289972
விழியுடைய,9,1.0300000000000002,1211,0.0001552312946289972
பதிந்த,6,0.4199999999999999,1211,0.0001552312946289972
